<?xml version="1.0" encoding="UTF-8"?>
<project-private xmlns="http://www.netbeans.org/ns/project-private/1">
    <editor-bookmarks xmlns="http://www.netbeans.org/ns/editor-bookmarks/2" lastBookmarkId="0"/>
    <open-files xmlns="http://www.netbeans.org/ns/projectui-open-files/2">
        <group>
            <file>file:/E:/Atividade1PHP/salario.html</file>
            <file>file:/E:/Atividade1PHP/calculosalario.php</file>
            <file>file:/E:/Atividade1PHP/triangulo.html</file>
            <file>file:/E:/Atividade1PHP/calculoretangulo.php</file>
            <file>file:/E:/Atividade1PHP/Quadrado.html</file>
        </group>
    </open-files>
</project-private>
